"Station","Date","Year","Month","Analyte","result","Study","Region","Latitude","Longitude"
"LIB",2020-10-06,2020,"Oct","Anabaenopeptins",0,"USGS","Cache Slough/Liberty Island",-121.684286111111,38.2430111111111
"LIB",2020-10-06,2020,"Oct","Anatoxins",0,"USGS","Cache Slough/Liberty Island",-121.684286111111,38.2430111111111
"LIB",2020-10-06,2020,"Oct","Microcystins",0,"USGS","Cache Slough/Liberty Island",-121.684286111111,38.2430111111111
"DEC/TOL",2020-10-21,2020,"Oct","Anabaenopeptins",0,"USGS","Lower Sacramento",-121.767286111111,38.0778083333333
"DEC/TOL",2020-10-21,2020,"Oct","Anatoxins",0,"USGS","Lower Sacramento",-121.767286111111,38.0778083333333
"DEC/TOL",2020-10-21,2020,"Oct","Microcystins",0,"USGS","Lower Sacramento",-121.767286111111,38.0778083333333
"JPT",2020-10-21,2020,"Oct","Anabaenopeptins",0,"USGS","Lower San Joaquin",-121.699122310008,38.0426365065621
"JPT",2020-10-21,2020,"Oct","Anatoxins",0,"USGS","Lower San Joaquin",-121.699122310008,38.0426365065621
"JPT",2020-10-21,2020,"Oct","Microcystins",0,"USGS","Lower San Joaquin",-121.699122310008,38.0426365065621
"JPT",2020-11-03,2020,"Nov","Anabaenopeptins",0,"USGS","Lower San Joaquin",-121.699122310008,38.0426365065621
"JPT",2020-11-03,2020,"Nov","Anatoxins",0,"USGS","Lower San Joaquin",-121.699122310008,38.0426365065621
"JPT",2020-11-03,2020,"Nov","Microcystins",0,"USGS","Lower San Joaquin",-121.699122310008,38.0426365065621
"DEC/TOL",2020-11-03,2020,"Nov","Anabaenopeptins",0,"USGS","Lower Sacramento",-121.767286111111,38.0778083333333
"DEC/TOL",2020-11-03,2020,"Nov","Anatoxins",0,"USGS","Lower Sacramento",-121.767286111111,38.0778083333333
"DEC/TOL",2020-11-03,2020,"Nov","Microcystins",0,"USGS","Lower Sacramento",-121.767286111111,38.0778083333333
"DEC/TOL",2020-11-18,2020,"Nov","Anabaenopeptins",0,"USGS","Lower Sacramento",-121.767286111111,38.0778083333333
"DEC/TOL",2020-11-18,2020,"Nov","Anatoxins",0,"USGS","Lower Sacramento",-121.767286111111,38.0778083333333
"DEC/TOL",2020-11-18,2020,"Nov","Microcystins",0,"USGS","Lower Sacramento",-121.767286111111,38.0778083333333
"JPT",2020-11-18,2020,"Nov","Anabaenopeptins",0,"USGS","Lower San Joaquin",-121.699122310008,38.0426365065621
"JPT",2020-11-18,2020,"Nov","Anatoxins",0,"USGS","Lower San Joaquin",-121.699122310008,38.0426365065621
"JPT",2020-11-18,2020,"Nov","Microcystins",0,"USGS","Lower San Joaquin",-121.699122310008,38.0426365065621
"JPT",2020-12-03,2020,"Dec","Anabaenopeptins",0,"USGS","Lower San Joaquin",-121.699122310008,38.0426365065621
"JPT",2020-12-03,2020,"Dec","Anatoxins",0,"USGS","Lower San Joaquin",-121.699122310008,38.0426365065621
"JPT",2020-12-03,2020,"Dec","Microcystins",0,"USGS","Lower San Joaquin",-121.699122310008,38.0426365065621
"DEC/TOL",2020-12-03,2020,"Dec","Anabaenopeptins",0,"USGS","Lower Sacramento",-121.767286111111,38.0778083333333
"DEC/TOL",2020-12-03,2020,"Dec","Anatoxins",0,"USGS","Lower Sacramento",-121.767286111111,38.0778083333333
"DEC/TOL",2020-12-03,2020,"Dec","Microcystins",0,"USGS","Lower Sacramento",-121.767286111111,38.0778083333333
"DEC/TOL",2020-12-15,2020,"Dec","Anabaenopeptins",0,"USGS","Lower Sacramento",-121.767286111111,38.0778083333333
"DEC/TOL",2020-12-15,2020,"Dec","Anatoxins",0,"USGS","Lower Sacramento",-121.767286111111,38.0778083333333
"DEC/TOL",2020-12-15,2020,"Dec","Microcystins",0,"USGS","Lower Sacramento",-121.767286111111,38.0778083333333
"JPT",2020-12-15,2020,"Dec","Anabaenopeptins",0,"USGS","Lower San Joaquin",-121.699122310008,38.0426365065621
"JPT",2020-12-15,2020,"Dec","Anatoxins",0,"USGS","Lower San Joaquin",-121.699122310008,38.0426365065621
"JPT",2020-12-15,2020,"Dec","Microcystins",0,"USGS","Lower San Joaquin",-121.699122310008,38.0426365065621
"JPT",2020-12-29,2020,"Dec","Anabaenopeptins",0,"USGS","Lower San Joaquin",-121.699122310008,38.0426365065621
"JPT",2020-12-29,2020,"Dec","Anatoxins",0,"USGS","Lower San Joaquin",-121.699122310008,38.0426365065621
"JPT",2020-12-29,2020,"Dec","Microcystins",0,"USGS","Lower San Joaquin",-121.699122310008,38.0426365065621
"DEC/TOL",2020-12-29,2020,"Dec","Anabaenopeptins",0,"USGS","Lower Sacramento",-121.767286111111,38.0778083333333
"DEC/TOL",2020-12-29,2020,"Dec","Anatoxins",0,"USGS","Lower Sacramento",-121.767286111111,38.0778083333333
"DEC/TOL",2020-12-29,2020,"Dec","Microcystins",0,"USGS","Lower Sacramento",-121.767286111111,38.0778083333333
"DEC/TOL",2021-01-12,2021,"Jan","Anabaenopeptins",0,"USGS","Lower Sacramento",-121.767286111111,38.0778083333333
"DEC/TOL",2021-01-12,2021,"Jan","Anatoxins",0,"USGS","Lower Sacramento",-121.767286111111,38.0778083333333
"DEC/TOL",2021-01-12,2021,"Jan","Microcystins",0,"USGS","Lower Sacramento",-121.767286111111,38.0778083333333
"JPT",2021-01-12,2021,"Jan","Anabaenopeptins",0,"USGS","Lower San Joaquin",-121.699122310008,38.0426365065621
"JPT",2021-01-12,2021,"Jan","Anatoxins",0,"USGS","Lower San Joaquin",-121.699122310008,38.0426365065621
"JPT",2021-01-12,2021,"Jan","Microcystins",0,"USGS","Lower San Joaquin",-121.699122310008,38.0426365065621
"JPT",2021-04-13,2021,"Apr","Anabaenopeptins",0,"USGS","Lower San Joaquin",-121.699122310008,38.0426365065621
"JPT",2021-04-13,2021,"Apr","Anatoxins",0,"USGS","Lower San Joaquin",-121.699122310008,38.0426365065621
"JPT",2021-04-13,2021,"Apr","Microcystins",0,"USGS","Lower San Joaquin",-121.699122310008,38.0426365065621
"DEC/TOL",2021-04-13,2021,"Apr","Anabaenopeptins",0,"USGS","Lower Sacramento",-121.767286111111,38.0778083333333
"DEC/TOL",2021-04-13,2021,"Apr","Anatoxins",0,"USGS","Lower Sacramento",-121.767286111111,38.0778083333333
"DEC/TOL",2021-04-13,2021,"Apr","Microcystins",0,"USGS","Lower Sacramento",-121.767286111111,38.0778083333333
"DEC/TOL",2021-04-27,2021,"Apr","Anabaenopeptins",0,"USGS","Lower Sacramento",-121.767286111111,38.0778083333333
"DEC/TOL",2021-04-27,2021,"Apr","Anatoxins",0.3665,"USGS","Lower Sacramento",-121.767286111111,38.0778083333333
"DEC/TOL",2021-04-27,2021,"Apr","Microcystins",0,"USGS","Lower Sacramento",-121.767286111111,38.0778083333333
"JPT",2021-04-27,2021,"Apr","Anabaenopeptins",0,"USGS","Lower San Joaquin",-121.699122310008,38.0426365065621
"JPT",2021-04-27,2021,"Apr","Anatoxins",0.730541804,"USGS","Lower San Joaquin",-121.699122310008,38.0426365065621
"JPT",2021-04-27,2021,"Apr","Microcystins",0,"USGS","Lower San Joaquin",-121.699122310008,38.0426365065621
"LIB",2021-05-11,2021,"May","Anabaenopeptins",0,"USGS","Cache Slough/Liberty Island",-121.684286111111,38.2430111111111
"LIB",2021-05-11,2021,"May","Anatoxins",0,"USGS","Cache Slough/Liberty Island",-121.684286111111,38.2430111111111
"LIB",2021-05-11,2021,"May","Microcystins",0,"USGS","Cache Slough/Liberty Island",-121.684286111111,38.2430111111111
"DEC/TOL",2021-02-16,2021,"Feb","Anabaenopeptins",0,"USGS","Lower Sacramento",-121.767286111111,38.0778083333333
"DEC/TOL",2021-02-16,2021,"Feb","Anatoxins",0,"USGS","Lower Sacramento",-121.767286111111,38.0778083333333
"DEC/TOL",2021-02-16,2021,"Feb","Microcystins",0,"USGS","Lower Sacramento",-121.767286111111,38.0778083333333
"DEC/TOL",2021-05-14,2021,"May","Anabaenopeptins",0,"USGS","Lower Sacramento",-121.767286111111,38.0778083333333
"DEC/TOL",2021-05-14,2021,"May","Anatoxins",0,"USGS","Lower Sacramento",-121.767286111111,38.0778083333333
"DEC/TOL",2021-05-14,2021,"May","Microcystins",0,"USGS","Lower Sacramento",-121.767286111111,38.0778083333333
"JPT",2021-02-16,2021,"Feb","Anabaenopeptins",0,"USGS","Lower San Joaquin",-121.699122310008,38.0426365065621
"JPT",2021-02-16,2021,"Feb","Anatoxins",0,"USGS","Lower San Joaquin",-121.699122310008,38.0426365065621
"JPT",2021-02-16,2021,"Feb","Microcystins",0,"USGS","Lower San Joaquin",-121.699122310008,38.0426365065621
"JPT",2021-05-14,2021,"May","Anabaenopeptins",0,"USGS","Lower San Joaquin",-121.699122310008,38.0426365065621
"JPT",2021-05-14,2021,"May","Anatoxins",0,"USGS","Lower San Joaquin",-121.699122310008,38.0426365065621
"JPT",2021-05-14,2021,"May","Microcystins",0,"USGS","Lower San Joaquin",-121.699122310008,38.0426365065621
"JPT",2021-03-03,2021,"Mar","Anabaenopeptins",0,"USGS","Lower San Joaquin",-121.699122310008,38.0426365065621
"JPT",2021-03-03,2021,"Mar","Anatoxins",0,"USGS","Lower San Joaquin",-121.699122310008,38.0426365065621
"JPT",2021-03-03,2021,"Mar","Microcystins",0,"USGS","Lower San Joaquin",-121.699122310008,38.0426365065621
"DEC/TOL",2021-03-03,2021,"Mar","Anabaenopeptins",0,"USGS","Lower Sacramento",-121.767286111111,38.0778083333333
"DEC/TOL",2021-03-03,2021,"Mar","Anatoxins",0,"USGS","Lower Sacramento",-121.767286111111,38.0778083333333
"DEC/TOL",2021-03-03,2021,"Mar","Microcystins",0,"USGS","Lower Sacramento",-121.767286111111,38.0778083333333
"JPT",2021-03-16,2021,"Mar","Anabaenopeptins",0,"USGS","Lower San Joaquin",-121.699122310008,38.0426365065621
"JPT",2021-03-16,2021,"Mar","Anatoxins",0,"USGS","Lower San Joaquin",-121.699122310008,38.0426365065621
"JPT",2021-03-16,2021,"Mar","Microcystins",0,"USGS","Lower San Joaquin",-121.699122310008,38.0426365065621
"DEC/TOL",2021-03-16,2021,"Mar","Anabaenopeptins",0,"USGS","Lower Sacramento",-121.767286111111,38.0778083333333
"DEC/TOL",2021-03-16,2021,"Mar","Anatoxins",0,"USGS","Lower Sacramento",-121.767286111111,38.0778083333333
"DEC/TOL",2021-03-16,2021,"Mar","Microcystins",0,"USGS","Lower Sacramento",-121.767286111111,38.0778083333333
"DEC/TOL",2021-07-07,2021,"Jul","Anabaenopeptins",9.33,"USGS","Lower Sacramento",-121.767286111111,38.0778083333333
"DEC/TOL",2021-07-07,2021,"Jul","Anatoxins",0,"USGS","Lower Sacramento",-121.767286111111,38.0778083333333
"DEC/TOL",2021-07-07,2021,"Jul","Microcystins",0,"USGS","Lower Sacramento",-121.767286111111,38.0778083333333
"JPT",2021-07-07,2021,"Jul","Anabaenopeptins",178.08,"USGS","Lower San Joaquin",-121.699122310008,38.0426365065621
"JPT",2021-07-07,2021,"Jul","Anatoxins",0,"USGS","Lower San Joaquin",-121.699122310008,38.0426365065621
"JPT",2021-07-07,2021,"Jul","Microcystins",0,"USGS","Lower San Joaquin",-121.699122310008,38.0426365065621
"MDM",2021-07-07,2021,"Jul","Anabaenopeptins",0.01,"USGS","South Delta",-121.534,37.943
"MDM",2021-07-07,2021,"Jul","Microcystins",0.22,"USGS","South Delta",-121.534,37.943
"DEC/TOL",2021-07-21,2021,"Jul","Anabaenopeptins",0,"USGS","Lower Sacramento",-121.767286111111,38.0778083333333
"DEC/TOL",2021-07-21,2021,"Jul","Anatoxins",0,"USGS","Lower Sacramento",-121.767286111111,38.0778083333333
"DEC/TOL",2021-07-21,2021,"Jul","Microcystins",0.054,"USGS","Lower Sacramento",-121.767286111111,38.0778083333333
"JPT",2021-07-21,2021,"Jul","Anabaenopeptins",0,"USGS","Lower San Joaquin",-121.699122310008,38.0426365065621
"JPT",2021-07-21,2021,"Jul","Anatoxins",0,"USGS","Lower San Joaquin",-121.699122310008,38.0426365065621
"JPT",2021-07-21,2021,"Jul","Microcystins",0,"USGS","Lower San Joaquin",-121.699122310008,38.0426365065621
"JPT",2021-04-01,2021,"Apr","Anabaenopeptins",0,"USGS","Lower San Joaquin",-121.699122310008,38.0426365065621
"JPT",2021-04-01,2021,"Apr","Anatoxins",2.168360782,"USGS","Lower San Joaquin",-121.699122310008,38.0426365065621
"JPT",2021-04-01,2021,"Apr","Microcystins",0,"USGS","Lower San Joaquin",-121.699122310008,38.0426365065621
"DEC/TOL",2021-04-01,2021,"Apr","Anabaenopeptins",0,"USGS","Lower Sacramento",-121.767286111111,38.0778083333333
"DEC/TOL",2021-04-01,2021,"Apr","Microcystins",0,"USGS","Lower Sacramento",-121.767286111111,38.0778083333333
"DEC/TOL",2021-04-01,2021,"Apr","Anabaenopeptins",0,"USGS","Lower Sacramento",-121.767286111111,38.0778083333333
"DEC/TOL",2021-04-01,2021,"Apr","Anatoxins",11.5510808,"USGS","Lower Sacramento",-121.767286111111,38.0778083333333
"DEC/TOL",2021-04-01,2021,"Apr","Microcystins",0,"USGS","Lower Sacramento",-121.767286111111,38.0778083333333
"MDM",2021-08-02,2021,"Aug","Anabaenopeptins",0.09,"USGS","South Delta",-121.534,37.943
"MDM",2021-08-02,2021,"Aug","Microcystins",0.06,"USGS","South Delta",-121.534,37.943
"DEC/TOL",2021-08-04,2021,"Aug","Anabaenopeptins",4.18,"USGS","Lower Sacramento",-121.767286111111,38.0778083333333
"DEC/TOL",2021-08-04,2021,"Aug","Anatoxins",0,"USGS","Lower Sacramento",-121.767286111111,38.0778083333333
"DEC/TOL",2021-08-04,2021,"Aug","Microcystins",0,"USGS","Lower Sacramento",-121.767286111111,38.0778083333333
"MDM",2021-07-21,2021,"Jul","Anabaenopeptins",0.03,"USGS","South Delta",-121.534,37.943
"MDM",2021-07-21,2021,"Jul","Microcystins",0.06,"USGS","South Delta",-121.534,37.943
"VER",2021-07-14,2021,"Jul","Anabaenopeptins",0.58,"USGS","Vernalis",-121.265002,37.679376
"VER",2021-07-14,2021,"Jul","Microcystins",0,"USGS","Vernalis",-121.265002,37.679376
"RRI",2021-07-16,2021,"Jul","Anabaenopeptins",0.01,"USGS","South Delta",-121.365,37.963
"RRI",2021-07-16,2021,"Jul","Microcystins",0.13,"USGS","South Delta",-121.365,37.963
"LIB",2021-08-18,2021,"Aug","Anabaenopeptins",0,"USGS","Cache Slough/Liberty Island",-121.684286111111,38.2430111111111
"LIB",2021-08-18,2021,"Aug","Microcystins",0,"USGS","Cache Slough/Liberty Island",-121.684286111111,38.2430111111111
"DEC/TOL",2021-08-18,2021,"Aug","Anabaenopeptins",0,"USGS","Lower Sacramento",-121.767286111111,38.0778083333333
"DEC/TOL",2021-08-18,2021,"Aug","Anatoxins",0,"USGS","Lower Sacramento",-121.767286111111,38.0778083333333
"DEC/TOL",2021-08-18,2021,"Aug","Microcystins",0,"USGS","Lower Sacramento",-121.767286111111,38.0778083333333
"JPT",2021-08-18,2021,"Aug","Anabaenopeptins",18.68,"USGS","Lower San Joaquin",-121.699122310008,38.0426365065621
"JPT",2021-08-18,2021,"Aug","Anatoxins",0,"USGS","Lower San Joaquin",-121.699122310008,38.0426365065621
"JPT",2021-08-18,2021,"Aug","Microcystins",0,"USGS","Lower San Joaquin",-121.699122310008,38.0426365065621
"MDM",2021-08-18,2021,"Aug","Anabaenopeptins",0.47,"USGS","South Delta",-121.534,37.943
"MDM",2021-08-18,2021,"Aug","Microcystins",0.03,"USGS","South Delta",-121.534,37.943
"RRI",2021-07-29,2021,"Jul","Anabaenopeptins",0.53,"USGS","South Delta",-121.365,37.963
"RRI",2021-07-29,2021,"Jul","Microcystins",0.03,"USGS","South Delta",-121.365,37.963
"VER",2021-07-29,2021,"Jul","Anabaenopeptins",0,"USGS","Vernalis",-121.265002,37.679376
"VER",2021-07-29,2021,"Jul","Microcystins",0,"USGS","Vernalis",-121.265002,37.679376
"VER",2021-08-12,2021,"Aug","Anabaenopeptins",0,"USGS","Vernalis",-121.265002,37.679376
"VER",2021-08-12,2021,"Aug","Microcystins",0,"USGS","Vernalis",-121.265002,37.679376
"VER",2021-08-27,2021,"Aug","Anabaenopeptins",0.09,"USGS","Vernalis",-121.265002,37.679376
"VER",2021-08-27,2021,"Aug","Microcystins",0.06,"USGS","Vernalis",-121.265002,37.679376
"RRI",2021-08-30,2021,"Aug","Anabaenopeptins",0.3,"USGS","South Delta",-121.365,37.963
"RRI",2021-08-30,2021,"Aug","Microcystins",0.01,"USGS","South Delta",-121.365,37.963
"MDM",2021-09-02,2021,"Sep","Anabaenopeptins",0.1,"USGS","South Delta",-121.534,37.943
"MDM",2021-09-02,2021,"Sep","Microcystins",0.01,"USGS","South Delta",-121.534,37.943
"RRI",2021-08-16,2021,"Aug","Anabaenopeptins",0.22,"USGS","South Delta",-121.365,37.963
"RRI",2021-08-16,2021,"Aug","Microcystins",0.05,"USGS","South Delta",-121.365,37.963
"LIB",2021-09-23,2021,"Sep","Anabaenopeptins",0,"USGS","Cache Slough/Liberty Island",-121.684286111111,38.2430111111111
"LIB",2021-09-23,2021,"Sep","Microcystins",0,"USGS","Cache Slough/Liberty Island",-121.684286111111,38.2430111111111
"MDM",2021-09-16,2021,"Sep","Anabaenopeptins",0,"USGS","South Delta",-121.534,37.943
"MDM",2021-09-16,2021,"Sep","Microcystins",0,"USGS","South Delta",-121.534,37.943
"JPT",2021-09-21,2021,"Sep","Anabaenopeptins",0.74,"USGS","Lower San Joaquin",-121.699122310008,38.0426365065621
"JPT",2021-09-21,2021,"Sep","Anatoxins",0,"USGS","Lower San Joaquin",-121.699122310008,38.0426365065621
"JPT",2021-09-21,2021,"Sep","Microcystins",0,"USGS","Lower San Joaquin",-121.699122310008,38.0426365065621
"DEC/TOL",2021-09-21,2021,"Sep","Anabaenopeptins",31.21,"USGS","Lower Sacramento",-121.767286111111,38.0778083333333
"DEC/TOL",2021-09-21,2021,"Sep","Anatoxins",0,"USGS","Lower Sacramento",-121.767286111111,38.0778083333333
"DEC/TOL",2021-09-21,2021,"Sep","Microcystins",0,"USGS","Lower Sacramento",-121.767286111111,38.0778083333333
"VER",2021-09-09,2021,"Sep","Anabaenopeptins",0,"USGS","Vernalis",-121.265002,37.679376
"VER",2021-09-09,2021,"Sep","Microcystins",0,"USGS","Vernalis",-121.265002,37.679376
"RRI",2021-09-10,2021,"Sep","Anabaenopeptins",0.1,"USGS","South Delta",-121.365,37.963
"RRI",2021-09-10,2021,"Sep","Microcystins",0.01,"USGS","South Delta",-121.365,37.963
"VER",2021-09-24,2021,"Sep","Anabaenopeptins",0.03,"USGS","Vernalis",-121.265002,37.679376
"VER",2021-09-24,2021,"Sep","Microcystins",0,"USGS","Vernalis",-121.265002,37.679376
"RRI",2021-09-24,2021,"Sep","Anabaenopeptins",0.04,"USGS","South Delta",-121.365,37.963
"RRI",2021-09-24,2021,"Sep","Microcystins",0.05,"USGS","South Delta",-121.365,37.963
"LIB",2021-10-04,2021,"Oct","Anabaenopeptins",0,"USGS","Cache Slough/Liberty Island",-121.684286111111,38.2430111111111
"LIB",2021-10-04,2021,"Oct","Microcystins",0,"USGS","Cache Slough/Liberty Island",-121.684286111111,38.2430111111111
"DEC/TOL",2021-10-04,2021,"Oct","Anabaenopeptins",0,"USGS","Lower Sacramento",-121.767286111111,38.0778083333333
"DEC/TOL",2021-10-04,2021,"Oct","Microcystins",0,"USGS","Lower Sacramento",-121.767286111111,38.0778083333333
"JPT",2021-10-04,2021,"Oct","Anabaenopeptins",0,"USGS","Lower San Joaquin",-121.699122310008,38.0426365065621
"JPT",2021-10-04,2021,"Oct","Microcystins",0.046,"USGS","Lower San Joaquin",-121.699122310008,38.0426365065621
"JPT",2021-10-05,2021,"Oct","Anabaenopeptins",0,"USGS","Lower San Joaquin",-121.699122310008,38.0426365065621
"JPT",2021-10-05,2021,"Oct","Microcystins",0,"USGS","Lower San Joaquin",-121.699122310008,38.0426365065621
"DEC/TOL",2021-10-05,2021,"Oct","Anabaenopeptins",0,"USGS","Lower Sacramento",-121.767286111111,38.0778083333333
"DEC/TOL",2021-10-05,2021,"Oct","Microcystins",0,"USGS","Lower Sacramento",-121.767286111111,38.0778083333333
"LIB",2021-10-05,2021,"Oct","Anabaenopeptins",0,"USGS","Cache Slough/Liberty Island",-121.684286111111,38.2430111111111
"LIB",2021-10-05,2021,"Oct","Microcystins",0,"USGS","Cache Slough/Liberty Island",-121.684286111111,38.2430111111111
"MDM",2021-10-06,2021,"Oct","Anabaenopeptins",0,"USGS","South Delta",-121.534,37.943
"MDM",2021-10-06,2021,"Oct","Microcystins",0,"USGS","South Delta",-121.534,37.943
"MDM",2021-10-19,2021,"Oct","Anabaenopeptins",0,"USGS","South Delta",-121.534,37.943
"MDM",2021-10-19,2021,"Oct","Microcystins",0,"USGS","South Delta",-121.534,37.943
"DEC/TOL",2021-10-21,2021,"Oct","Anabaenopeptins",0,"USGS","Lower Sacramento",-121.767286111111,38.0778083333333
"DEC/TOL",2021-10-21,2021,"Oct","Microcystins",0,"USGS","Lower Sacramento",-121.767286111111,38.0778083333333
"JPT",2021-10-21,2021,"Oct","Anabaenopeptins",0,"USGS","Lower San Joaquin",-121.699122310008,38.0426365065621
"JPT",2021-10-21,2021,"Oct","Microcystins",0,"USGS","Lower San Joaquin",-121.699122310008,38.0426365065621
"LIB",2021-10-21,2021,"Oct","Anabaenopeptins",0,"USGS","Cache Slough/Liberty Island",-121.684286111111,38.2430111111111
"LIB",2021-10-21,2021,"Oct","Microcystins",0,"USGS","Cache Slough/Liberty Island",-121.684286111111,38.2430111111111
"VER",2021-10-26,2021,"Oct","Anabaenopeptins",0,"USGS","Vernalis",-121.265002,37.679376
"VER",2021-10-26,2021,"Oct","Microcystins",0,"USGS","Vernalis",-121.265002,37.679376
"RRI",2021-10-26,2021,"Oct","Anabaenopeptins",0,"USGS","South Delta",-121.365,37.963
"RRI",2021-10-26,2021,"Oct","Microcystins",0,"USGS","South Delta",-121.365,37.963
"RRI",2021-10-13,2021,"Oct","Anabaenopeptins",0,"USGS","South Delta",-121.365,37.963
"RRI",2021-10-13,2021,"Oct","Microcystins",0.01,"USGS","South Delta",-121.365,37.963
"VER",2021-10-11,2021,"Oct","Anabaenopeptins",0.04,"USGS","Vernalis",-121.265002,37.679376
"VER",2021-10-11,2021,"Oct","Microcystins",0,"USGS","Vernalis",-121.265002,37.679376
"LIB",2021-11-16,2021,"Nov","Anabaenopeptins",0,"USGS","Cache Slough/Liberty Island",-121.684286111111,38.2430111111111
"LIB",2021-11-16,2021,"Nov","Microcystins",0,"USGS","Cache Slough/Liberty Island",-121.684286111111,38.2430111111111
"DEC/TOL",2021-11-16,2021,"Nov","Anabaenopeptins",0,"USGS","Lower Sacramento",-121.767286111111,38.0778083333333
"DEC/TOL",2021-11-16,2021,"Nov","Microcystins",0,"USGS","Lower Sacramento",-121.767286111111,38.0778083333333
"JPT",2021-11-17,2021,"Nov","Anabaenopeptins",0,"USGS","Lower San Joaquin",-121.699122310008,38.0426365065621
"JPT",2021-11-17,2021,"Nov","Microcystins",0,"USGS","Lower San Joaquin",-121.699122310008,38.0426365065621
"VER",2021-11-08,2021,"Nov","Anabaenopeptins",0,"USGS","Vernalis",-121.265002,37.679376
"VER",2021-11-08,2021,"Nov","Microcystins",0,"USGS","Vernalis",-121.265002,37.679376
"RRI",2021-11-10,2021,"Nov","Anabaenopeptins",0,"USGS","South Delta",-121.365,37.963
"RRI",2021-11-10,2021,"Nov","Microcystins",0,"USGS","South Delta",-121.365,37.963
"MDM",2021-12-08,2021,"Dec","Anabaenopeptins",0,"USGS","South Delta",-121.534,37.943
"MDM",2021-12-08,2021,"Dec","Microcystins",0,"USGS","South Delta",-121.534,37.943
"LIB",2021-12-09,2021,"Dec","Anabaenopeptins",0,"USGS","Cache Slough/Liberty Island",-121.684286111111,38.2430111111111
"LIB",2021-12-09,2021,"Dec","Microcystins",0,"USGS","Cache Slough/Liberty Island",-121.684286111111,38.2430111111111
"DEC/TOL",2021-12-16,2021,"Dec","Anabaenopeptins",0,"USGS","Lower Sacramento",-121.767286111111,38.0778083333333
"DEC/TOL",2021-12-16,2021,"Dec","Microcystins",0,"USGS","Lower Sacramento",-121.767286111111,38.0778083333333
"JPT",2021-12-16,2021,"Dec","Anabaenopeptins",0,"USGS","Lower San Joaquin",-121.699122310008,38.0426365065621
"JPT",2021-12-16,2021,"Dec","Microcystins",0,"USGS","Lower San Joaquin",-121.699122310008,38.0426365065621
"LIB",2022-01-05,2022,"Jan","Anabaenopeptins",0,"USGS","Cache Slough/Liberty Island",-121.684286111111,38.2430111111111
"LIB",2022-01-05,2022,"Jan","Microcystins",0,"USGS","Cache Slough/Liberty Island",-121.684286111111,38.2430111111111
"VER",2021-12-08,2021,"Dec","Anabaenopeptins",0,"USGS","Vernalis",-121.265002,37.679376
"VER",2021-12-08,2021,"Dec","Microcystins",0,"USGS","Vernalis",-121.265002,37.679376
"RRI",2021-12-10,2021,"Dec","Anabaenopeptins",0,"USGS","South Delta",-121.365,37.963
"RRI",2021-12-10,2021,"Dec","Microcystins",0,"USGS","South Delta",-121.365,37.963
"BPP",2019-09-09,2019,NA,"Anatoxins",0,"DWR","Clifton Court",-121.617728,37.7999274
"BPP",2020-06-22,2020,NA,"Anatoxins",0,"DWR","Clifton Court",-121.617728,37.7999274
"BPP",2020-06-29,2020,NA,"Anatoxins",0,"DWR","Clifton Court",-121.617728,37.7999274
"BPP",2020-07-06,2020,NA,"Anatoxins",0,"DWR","Clifton Court",-121.617728,37.7999274
"BPP",2020-07-14,2020,NA,"Anatoxins",0,"DWR","Clifton Court",-121.617728,37.7999274
"BPP",2020-07-27,2020,NA,"Anatoxins",0,"DWR","Clifton Court",-121.617728,37.7999274
"BPP",2021-08-09,2021,NA,"Anatoxins",0,"DWR","Clifton Court",-121.617728,37.7999274
"BPP",2019-08-12,2019,NA,"Microcystins",0,"DWR","Clifton Court",-121.617728,37.7999274
"BPP",2019-08-26,2019,NA,"Microcystins",0,"DWR","Clifton Court",-121.617728,37.7999274
"BPP",2019-09-09,2019,NA,"Microcystins",0,"DWR","Clifton Court",-121.617728,37.7999274
"BPP",2020-06-22,2020,NA,"Microcystins",0,"DWR","Clifton Court",-121.617728,37.7999274
"BPP",2020-06-29,2020,NA,"Microcystins",0,"DWR","Clifton Court",-121.617728,37.7999274
"BPP",2020-07-06,2020,NA,"Microcystins",0.37,"DWR","Clifton Court",-121.617728,37.7999274
"BPP",2020-07-14,2020,NA,"Microcystins",2.62,"DWR","Clifton Court",-121.617728,37.7999274
"BPP",2020-07-22,2020,NA,"Microcystins",3.09,"DWR","Clifton Court",-121.617728,37.7999274
"BPP",2020-07-27,2020,NA,"Microcystins",0.64,"DWR","Clifton Court",-121.617728,37.7999274
"BPP",2020-07-30,2020,NA,"Microcystins",0,"DWR","Clifton Court",-121.617728,37.7999274
"BPP",2020-08-03,2020,NA,"Microcystins",0.68,"DWR","Clifton Court",-121.617728,37.7999274
"BPP",2020-08-04,2020,NA,"Microcystins",3.53,"DWR","Clifton Court",-121.617728,37.7999274
"BPP",2020-08-10,2020,NA,"Microcystins",0,"DWR","Clifton Court",-121.617728,37.7999274
"BPP",2020-08-17,2020,NA,"Microcystins",0.88,"DWR","Clifton Court",-121.617728,37.7999274
"BPP",2020-08-24,2020,NA,"Microcystins",2.39,"DWR","Clifton Court",-121.617728,37.7999274
"BPP",2020-08-31,2020,NA,"Microcystins",2.71,"DWR","Clifton Court",-121.617728,37.7999274
"BPP",2020-09-08,2020,NA,"Microcystins",0.95,"DWR","Clifton Court",-121.617728,37.7999274
"BPP",2020-09-14,2020,NA,"Microcystins",0.7,"DWR","Clifton Court",-121.617728,37.7999274
"BPP",2020-09-21,2020,NA,"Microcystins",0.38,"DWR","Clifton Court",-121.617728,37.7999274
"BPP",2020-09-28,2020,NA,"Microcystins",0,"DWR","Clifton Court",-121.617728,37.7999274
"BPP",2020-10-05,2020,NA,"Microcystins",0,"DWR","Clifton Court",-121.617728,37.7999274
"BPP",2020-10-19,2020,NA,"Microcystins",0,"DWR","Clifton Court",-121.617728,37.7999274
"BPP",2020-10-26,2020,NA,"Microcystins",0,"DWR","Clifton Court",-121.617728,37.7999274
"BPP",2021-04-26,2021,NA,"Microcystins",0,"DWR","Clifton Court",-121.617728,37.7999274
"BPP",2021-05-10,2021,NA,"Microcystins",0,"DWR","Clifton Court",-121.617728,37.7999274
"BPP",2021-05-24,2021,NA,"Microcystins",0,"DWR","Clifton Court",-121.617728,37.7999274
"BPP",2021-06-07,2021,NA,"Microcystins",0,"DWR","Clifton Court",-121.617728,37.7999274
"BPP",2021-06-21,2021,NA,"Microcystins",0,"DWR","Clifton Court",-121.617728,37.7999274
"BPP",2021-07-12,2021,NA,"Microcystins",0,"DWR","Clifton Court",-121.617728,37.7999274
"BPP",2021-07-26,2021,NA,"Microcystins",0,"DWR","Clifton Court",-121.617728,37.7999274
"BPP",2021-08-09,2021,NA,"Microcystins",0,"DWR","Clifton Court",-121.617728,37.7999274
"BPP",2021-08-23,2021,NA,"Microcystins",0,"DWR","Clifton Court",-121.617728,37.7999274
"BPP",2021-09-13,2021,NA,"Microcystins",0,"DWR","Clifton Court",-121.617728,37.7999274
"BPP",2021-09-27,2021,NA,"Microcystins",0,"DWR","Clifton Court",-121.617728,37.7999274
"CCF",2020-07-06,2020,NA,"Anatoxins",0,"DWR","Clifton Court",-121.59183,37.826923
"CCF",2019-07-09,2019,NA,"Microcystins",0,"DWR","Clifton Court",-121.59183,37.826923
"CCF",2019-08-12,2019,NA,"Microcystins",0,"DWR","Clifton Court",-121.59183,37.826923
"CCF",2019-08-26,2019,NA,"Microcystins",0,"DWR","Clifton Court",-121.59183,37.826923
"CCF",2019-09-09,2019,NA,"Microcystins",0,"DWR","Clifton Court",-121.59183,37.826923
"CCF",2020-06-08,2020,NA,"Microcystins",0,"DWR","Clifton Court",-121.59183,37.826923
"CCF",2020-06-22,2020,NA,"Microcystins",1.3,"DWR","Clifton Court",-121.59183,37.826923
"CCF",2020-06-29,2020,NA,"Microcystins",0.66,"DWR","Clifton Court",-121.59183,37.826923
"CCF",2020-07-06,2020,NA,"Microcystins",0.94,"DWR","Clifton Court",-121.59183,37.826923
"CCF",2020-07-14,2020,NA,"Microcystins",1.2,"DWR","Clifton Court",-121.59183,37.826923
"CCF",2020-07-22,2020,NA,"Microcystins",3.18,"DWR","Clifton Court",-121.59183,37.826923
"CCF",2020-07-27,2020,NA,"Microcystins",2.26,"DWR","Clifton Court",-121.59183,37.826923
"CCF",2020-07-30,2020,NA,"Microcystins",2.26,"DWR","Clifton Court",-121.59183,37.826923
"CCF",2020-08-03,2020,NA,"Microcystins",1.94,"DWR","Clifton Court",-121.59183,37.826923
"CCF",2020-08-04,2020,NA,"Microcystins",2.15,"DWR","Clifton Court",-121.59183,37.826923
"CCF",2020-08-10,2020,NA,"Microcystins",0.62,"DWR","Clifton Court",-121.59183,37.826923
"CCF",2020-08-17,2020,NA,"Microcystins",1.49,"DWR","Clifton Court",-121.59183,37.826923
"CCF",2020-08-24,2020,NA,"Microcystins",1.89,"DWR","Clifton Court",-121.59183,37.826923
"CCF",2020-08-31,2020,NA,"Microcystins",3.87,"DWR","Clifton Court",-121.59183,37.826923
"CCF",2020-09-08,2020,NA,"Microcystins",2.58,"DWR","Clifton Court",-121.59183,37.826923
"CCF",2020-09-14,2020,NA,"Microcystins",2.02,"DWR","Clifton Court",-121.59183,37.826923
"CCF",2020-09-21,2020,NA,"Microcystins",1.1,"DWR","Clifton Court",-121.59183,37.826923
"CCF",2020-09-28,2020,NA,"Microcystins",0.54,"DWR","Clifton Court",-121.59183,37.826923
"CCF",2020-10-05,2020,NA,"Microcystins",0.32,"DWR","Clifton Court",-121.59183,37.826923
"CCF",2020-10-12,2020,NA,"Microcystins",0.52,"DWR","Clifton Court",-121.59183,37.826923
"CCF",2020-10-19,2020,NA,"Microcystins",0,"DWR","Clifton Court",-121.59183,37.826923
"CCF",2020-10-26,2020,NA,"Microcystins",0,"DWR","Clifton Court",-121.59183,37.826923
"CCF",2021-04-26,2021,NA,"Microcystins",0,"DWR","Clifton Court",-121.59183,37.826923
"CCF",2021-06-21,2021,NA,"Microcystins",0,"DWR","Clifton Court",-121.59183,37.826923
"CCF",2021-07-12,2021,NA,"Microcystins",0,"DWR","Clifton Court",-121.59183,37.826923
"CCF",2021-07-26,2021,NA,"Microcystins",0,"DWR","Clifton Court",-121.59183,37.826923
"CCF",2021-08-09,2021,NA,"Microcystins",0,"DWR","Clifton Court",-121.59183,37.826923
"CCF",2021-08-23,2021,NA,"Microcystins",0,"DWR","Clifton Court",-121.59183,37.826923
"FRK",2021-07-02,NA,NA,"Microcystins",0,"CVRWQCB","South Delta",-121.5981,38.046417
"FRK",2021-08-06,NA,NA,"Microcystins",0.63,"CVRWQCB","South Delta",-121.5981,38.046417
"FRK",2021-08-06,NA,NA,"Anatoxins",0,"CVRWQCB","South Delta",-121.5981,38.046417
"MI",2021-07-02,NA,NA,"Microcystins",0.6,"CVRWQCB","South Delta",-121.51166,37.99204
"DHAB001",2021-01-07,2021,"1","Microcystins",0,"Preece","Lower Sacramento",-121.787628,38.045378
"DHAB001",2021-01-07,2021,"1","Microcystins",0,"Preece","Lower Sacramento",-121.787628,38.045378
"DHAB001",2021-03-30,2021,"3","Microcystins",0,"Preece","Lower Sacramento",-121.787628,38.045378
"DHAB001",2021-04-21,2021,"4","Microcystins",0,"Preece","Lower Sacramento",-121.787628,38.045378
"DHAB001",2021-05-14,2021,"5","Microcystins",0,"Preece","Lower Sacramento",-121.787628,38.045378
"DHAB001",2021-06-03,2021,"6","Microcystins",0,"Preece","Lower Sacramento",-121.787628,38.045378
"DHAB001",2021-06-17,2021,"6","Microcystins",0,"Preece","Lower Sacramento",-121.787628,38.045378
"DHAB001",2021-07-19,2021,"7","Microcystins",0.1752,"Preece","Lower Sacramento",-121.787628,38.045378
"DHAB001",2021-07-21,2021,"7","Microcystins",0.16425,"Preece","Lower Sacramento",-121.787628,38.045378
"DHAB001",2021-08-11,2021,"8","Microcystins",0,"Preece","Lower Sacramento",-121.787628,38.045378
"DHAB001",2021-08-31,2021,"8","Microcystins",0,"Preece","Lower Sacramento",-121.787628,38.045378
"DHAB001",2021-09-04,2021,"9","Microcystins",0,"Preece","Lower Sacramento",-121.787628,38.045378
"DHAB001",2021-09-22,2021,"9","Microcystins",0,"Preece","Lower Sacramento",-121.787628,38.045378
"DHAB001",2021-10-20,2021,"10","Microcystins",0,"Preece","Lower Sacramento",-121.787628,38.045378
"DHAB001",2021-10-28,2021,"10","Microcystins",0,"Preece","Lower Sacramento",-121.787628,38.045378
"DHAB001",2021-11-12,2021,"11","Microcystins",0,"Preece","Lower Sacramento",-121.787628,38.045378
"DHAB001",2021-12-27,2021,"12","Microcystins",0,"Preece","Lower Sacramento",-121.787628,38.045378
"DHAB002",2021-01-07,2021,"1","Microcystins",0,"Preece","Lower Sacramento",-121.716123,38.105764
"DHAB002",2021-02-08,2021,"2","Microcystins",0,"Preece","Lower Sacramento",-121.716123,38.105764
"DHAB002",2021-02-10,2021,"2","Microcystins",0,"Preece","Lower Sacramento",-121.716123,38.105764
"DHAB002",2021-02-10,2021,"2","Microcystins",0,"Preece","Lower Sacramento",-121.716123,38.105764
"DHAB002",2021-03-31,2021,"3","Microcystins",0,"Preece","Lower Sacramento",-121.716123,38.105764
"DHAB002",2021-04-19,2021,"4","Microcystins",0,"Preece","Lower Sacramento",-121.716123,38.105764
"DHAB002",2021-05-17,2021,"5","Microcystins",0,"Preece","Lower Sacramento",-121.716123,38.105764
"DHAB002",2021-06-03,2021,"6","Microcystins",0,"Preece","Lower Sacramento",-121.716123,38.105764
"DHAB002",2021-06-18,2021,"6","Microcystins",0.26195,"Preece","Lower Sacramento",-121.716123,38.105764
"DHAB002",2021-07-19,2021,"7","Microcystins",0.24725,"Preece","Lower Sacramento",-121.716123,38.105764
"DHAB002",2021-07-21,2021,"7","Microcystins",0.1989,"Preece","Lower Sacramento",-121.716123,38.105764
"DHAB002",2021-08-11,2021,"8","Microcystins",0,"Preece","Lower Sacramento",-121.716123,38.105764
"DHAB002",2021-08-31,2021,"8","Microcystins",0,"Preece","Lower Sacramento",-121.716123,38.105764
"DHAB002",2021-09-04,2021,"9","Microcystins",0,"Preece","Lower Sacramento",-121.716123,38.105764
"DHAB002",2021-09-22,2021,"9","Microcystins",0,"Preece","Lower Sacramento",-121.716123,38.105764
"DHAB002",2021-10-20,2021,"10","Microcystins",0,"Preece","Lower Sacramento",-121.716123,38.105764
"DHAB002",2021-10-28,2021,"10","Microcystins",0,"Preece","Lower Sacramento",-121.716123,38.105764
"DHAB002",2021-11-12,2021,"11","Microcystins",0,"Preece","Lower Sacramento",-121.716123,38.105764
"DHAB002",2021-12-27,2021,"12","Microcystins",0,"Preece","Lower Sacramento",-121.716123,38.105764
"DHAB003",2021-01-07,2021,"1","Microcystins",0,"Preece","Lower San Joaquin",-121.745763,38.019889
"DHAB003",2021-02-08,2021,"2","Microcystins",0,"Preece","Lower San Joaquin",-121.745763,38.019889
"DHAB003",2021-03-30,2021,"3","Microcystins",0,"Preece","Lower San Joaquin",-121.745763,38.019889
"DHAB003",2021-03-30,2021,"3","Microcystins",0,"Preece","Lower San Joaquin",-121.745763,38.019889
"DHAB003",2021-04-21,2021,"4","Microcystins",0,"Preece","Lower San Joaquin",-121.745763,38.019889
"DHAB003",2021-05-14,2021,"5","Microcystins",0,"Preece","Lower San Joaquin",-121.745763,38.019889
"DHAB003",2021-06-04,2021,"6","Microcystins",0,"Preece","Lower San Joaquin",-121.745763,38.019889
"DHAB003",2021-06-17,2021,"6","Microcystins",0,"Preece","Lower San Joaquin",-121.745763,38.019889
"DHAB003",2021-07-19,2021,"7","Microcystins",3.0285,"Preece","Lower San Joaquin",-121.745763,38.019889
"DHAB003",2021-07-21,2021,"7","Microcystins",0.2222,"Preece","Lower San Joaquin",-121.745763,38.019889
"DHAB003",2021-08-11,2021,"8","Microcystins",0,"Preece","Lower San Joaquin",-121.745763,38.019889
"DHAB003",2021-08-31,2021,"8","Microcystins",0,"Preece","Lower San Joaquin",-121.745763,38.019889
"DHAB003",2021-09-04,2021,"9","Microcystins",0,"Preece","Lower San Joaquin",-121.745763,38.019889
"DHAB003",2021-09-22,2021,"9","Microcystins",1.78445,"Preece","Lower San Joaquin",-121.745763,38.019889
"DHAB003",2021-10-20,2021,"10","Microcystins",0,"Preece","Lower San Joaquin",-121.745763,38.019889
"DHAB003",2021-10-28,2021,"10","Microcystins",0,"Preece","Lower San Joaquin",-121.745763,38.019889
"DHAB003",2021-11-12,2021,"11","Microcystins",0,"Preece","Lower San Joaquin",-121.745763,38.019889
"DHAB003",2021-12-27,2021,"12","Microcystins",0,"Preece","Lower San Joaquin",-121.745763,38.019889
"DHAB004",2021-01-08,2021,"1","Microcystins",0,"Preece","Upper Sacramento",-121.610139,38.163593
"DHAB004",2021-02-10,2021,"2","Microcystins",0.11285,"Preece","Upper Sacramento",-121.610139,38.163593
"DHAB004",2021-03-31,2021,"3","Microcystins",0,"Preece","Upper Sacramento",-121.610139,38.163593
"DHAB004",2021-04-19,2021,"4","Microcystins",0,"Preece","Upper Sacramento",-121.610139,38.163593
"DHAB004",2021-04-19,2021,"4","Microcystins",0,"Preece","Upper Sacramento",-121.610139,38.163593
"DHAB004",2021-05-17,2021,"5","Microcystins",0,"Preece","Upper Sacramento",-121.610139,38.163593
"DHAB004",2021-06-03,2021,"6","Microcystins",0,"Preece","Upper Sacramento",-121.610139,38.163593
"DHAB004",2021-06-18,2021,"6","Microcystins",0,"Preece","Upper Sacramento",-121.610139,38.163593
"DHAB004",2021-07-07,2021,"7","Microcystins",0,"Preece","Upper Sacramento",-121.610139,38.163593
"DHAB004",2021-07-22,2021,"7","Microcystins",0.182,"Preece","Upper Sacramento",-121.610139,38.163593
"DHAB004",2021-08-11,2021,"8","Microcystins",0,"Preece","Upper Sacramento",-121.610139,38.163593
"DHAB004",2021-08-31,2021,"8","Microcystins",0,"Preece","Upper Sacramento",-121.610139,38.163593
"DHAB004",2021-09-05,2021,"9","Microcystins",0,"Preece","Upper Sacramento",-121.610139,38.163593
"DHAB004",2021-09-22,2021,"9","Microcystins",0,"Preece","Upper Sacramento",-121.610139,38.163593
"DHAB004",2021-09-22,2021,"9","Microcystins",0,"Preece","Upper Sacramento",-121.610139,38.163593
"DHAB004",2021-10-20,2021,"10","Microcystins",0,"Preece","Upper Sacramento",-121.610139,38.163593
"DHAB004",2021-10-28,2021,"10","Microcystins",0,"Preece","Upper Sacramento",-121.610139,38.163593
"DHAB004",2021-11-12,2021,"11","Microcystins",0,"Preece","Upper Sacramento",-121.610139,38.163593
"DHAB004",2021-12-27,2021,"12","Microcystins",0,"Preece","Upper Sacramento",-121.610139,38.163593
"DHAB005",2021-01-08,2021,"1","Microcystins",0,"Preece","SDWSC",-121.657713,38.194555
"DHAB005",2021-02-10,2021,"2","Microcystins",0,"Preece","SDWSC",-121.657713,38.194555
"DHAB005",2021-03-31,2021,"3","Microcystins",0,"Preece","SDWSC",-121.657713,38.194555
"DHAB005",2021-04-19,2021,"4","Microcystins",0,"Preece","SDWSC",-121.657713,38.194555
"DHAB005",2021-05-17,2021,"5","Microcystins",0,"Preece","SDWSC",-121.657713,38.194555
"DHAB005",2021-05-17,2021,"5","Microcystins",0,"Preece","SDWSC",-121.657713,38.194555
"DHAB005",2021-06-03,2021,"6","Microcystins",0,"Preece","SDWSC",-121.657713,38.194555
"DHAB005",2021-06-18,2021,"6","Microcystins",0,"Preece","SDWSC",-121.657713,38.194555
"DHAB005",2021-07-07,2021,"7","Microcystins",0,"Preece","SDWSC",-121.657713,38.194555
"DHAB005",2021-07-22,2021,"7","Microcystins",0.2154,"Preece","SDWSC",-121.657713,38.194555
"DHAB005",2021-08-11,2021,"8","Microcystins",0,"Preece","SDWSC",-121.657713,38.194555
"DHAB005",2021-08-31,2021,"8","Microcystins",0,"Preece","SDWSC",-121.657713,38.194555
"DHAB005",2021-09-05,2021,"9","Microcystins",0,"Preece","SDWSC",-121.657713,38.194555
"DHAB005",2021-09-22,2021,"9","Microcystins",0,"Preece","SDWSC",-121.657713,38.194555
"DHAB005",2021-10-20,2021,"10","Microcystins",0,"Preece","SDWSC",-121.657713,38.194555
"DHAB005",2021-10-28,2021,"10","Microcystins",0,"Preece","SDWSC",-121.657713,38.194555
"DHAB005",2021-11-12,2021,"11","Microcystins",0,"Preece","SDWSC",-121.657713,38.194555
"DHAB005",2021-12-27,2021,"12","Microcystins",0,"Preece","SDWSC",-121.657713,38.194555
"DHAB006",2021-01-08,2021,"1","Microcystins",0,"Preece","Cache Slough/Liberty Island",-121.689412,38.243985
"DHAB006",2021-02-10,2021,"2","Microcystins",0,"Preece","Cache Slough/Liberty Island",-121.689412,38.243985
"DHAB006",2021-03-31,2021,"3","Microcystins",0,"Preece","Cache Slough/Liberty Island",-121.689412,38.243985
"DHAB006",2021-04-19,2021,"4","Microcystins",0,"Preece","Cache Slough/Liberty Island",-121.689412,38.243985
"DHAB006",2021-05-17,2021,"5","Microcystins",0,"Preece","Cache Slough/Liberty Island",-121.689412,38.243985
"DHAB006",2021-06-03,2021,"6","Microcystins",0,"Preece","Cache Slough/Liberty Island",-121.689412,38.243985
"DHAB006",2021-06-03,2021,"6","Microcystins",0,"Preece","Cache Slough/Liberty Island",-121.689412,38.243985
"DHAB006",2021-06-18,2021,"6","Microcystins",0,"Preece","Cache Slough/Liberty Island",-121.689412,38.243985
"DHAB006",2021-06-18,2021,"6","Microcystins",0,"Preece","Cache Slough/Liberty Island",-121.689412,38.243985
"DHAB006",2021-07-07,2021,"7","Microcystins",0,"Preece","Cache Slough/Liberty Island",-121.689412,38.243985
"DHAB006",2021-07-22,2021,"7","Microcystins",0.15245,"Preece","Cache Slough/Liberty Island",-121.689412,38.243985
"DHAB006",2021-08-11,2021,"8","Microcystins",0,"Preece","Cache Slough/Liberty Island",-121.689412,38.243985
"DHAB006",2021-08-31,2021,"8","Microcystins",0,"Preece","Cache Slough/Liberty Island",-121.689412,38.243985
"DHAB006",2021-09-05,2021,"9","Microcystins",0,"Preece","Cache Slough/Liberty Island",-121.689412,38.243985
"DHAB006",2021-09-22,2021,"9","Microcystins",0,"Preece","Cache Slough/Liberty Island",-121.689412,38.243985
"DHAB006",2021-10-20,2021,"10","Microcystins",0,"Preece","Cache Slough/Liberty Island",-121.689412,38.243985
"DHAB006",2021-10-28,2021,"10","Microcystins",0,"Preece","Cache Slough/Liberty Island",-121.689412,38.243985
"DHAB006",2021-11-12,2021,"11","Microcystins",0,"Preece","Cache Slough/Liberty Island",-121.689412,38.243985
"DHAB006",2021-12-27,2021,"12","Microcystins",0,"Preece","Cache Slough/Liberty Island",-121.689412,38.243985
"DHAB007",2021-01-07,2021,"1","Microcystins",0,"Preece","South Delta",-121.623448,38.048602
"DHAB007",2021-02-08,2021,"2","Microcystins",0,"Preece","South Delta",-121.623448,38.048602
"DHAB007",2021-03-30,2021,"3","Microcystins",0,"Preece","South Delta",-121.623448,38.048602
"DHAB007",2021-04-21,2021,"4","Microcystins",0,"Preece","South Delta",-121.623448,38.048602
"DHAB007",2021-05-14,2021,"5","Microcystins",0,"Preece","South Delta",-121.623448,38.048602
"DHAB007",2021-06-04,2021,"6","Microcystins",0,"Preece","South Delta",-121.623448,38.048602
"DHAB007",2021-06-17,2021,"6","Microcystins",0,"Preece","South Delta",-121.623448,38.048602
"DHAB007",2021-07-19,2021,"7","Microcystins",0.30115,"Preece","South Delta",-121.623448,38.048602
"DHAB007",2021-07-19,2021,"7","Microcystins",0.822,"Preece","South Delta",-121.623448,38.048602
"DHAB007",2021-07-21,2021,"7","Microcystins",0.3285,"Preece","South Delta",-121.623448,38.048602
"DHAB007",2021-07-21,2021,"7","Microcystins",0.38585,"Preece","South Delta",-121.623448,38.048602
"DHAB007",2021-08-11,2021,"8","Microcystins",0.65835,"Preece","South Delta",-121.623448,38.048602
"DHAB007",2021-08-31,2021,"8","Microcystins",0.16055,"Preece","South Delta",-121.623448,38.048602
"DHAB007",2021-09-04,2021,"9","Microcystins",0.12255,"Preece","South Delta",-121.623448,38.048602
"DHAB007",2021-10-20,2021,"10","Microcystins",0,"Preece","South Delta",-121.623448,38.048602
"DHAB007",2021-10-28,2021,"10","Microcystins",0,"Preece","South Delta",-121.623448,38.048602
"DHAB007",2021-11-12,2021,"11","Microcystins",0,"Preece","South Delta",-121.623448,38.048602
"DHAB007",2021-12-27,2021,"12","Microcystins",0,"Preece","South Delta",-121.623448,38.048602
"DHAB008",2021-01-05,2021,"1","Microcystins",0,"Preece","South Delta",-121.5737319,37.964146
"DHAB008",2021-02-10,2021,"2","Microcystins",0,"Preece","South Delta",-121.5737319,37.964146
"DHAB008",2021-03-30,2021,"3","Microcystins",0,"Preece","South Delta",-121.5737319,37.964146
"DHAB008",2021-04-22,2021,"4","Microcystins",0,"Preece","South Delta",-121.5737319,37.964146
"DHAB008",2021-05-18,2021,"5","Microcystins",0,"Preece","South Delta",-121.5737319,37.964146
"DHAB008",2021-06-01,2021,"6","Microcystins",0,"Preece","South Delta",-121.5737319,37.964146
"DHAB008",2021-06-16,2021,"6","Microcystins",0,"Preece","South Delta",-121.5737319,37.964146
"DHAB008",2021-07-07,2021,"7","Microcystins",0.66735,"Preece","South Delta",-121.5737319,37.964146
"DHAB008",2021-07-22,2021,"7","Microcystins",0.19585,"Preece","South Delta",-121.5737319,37.964146
"DHAB008",2021-08-11,2021,"8","Microcystins",0.14335,"Preece","South Delta",-121.5737319,37.964146
"DHAB008",2021-08-11,2021,"8","Microcystins",2.99645,"Preece","South Delta",-121.5737319,37.964146
"DHAB008",2021-08-26,2021,"8","Microcystins",0.4166,"Preece","South Delta",-121.5737319,37.964146
"DHAB008",2021-09-05,2021,"9","Microcystins",0,"Preece","South Delta",-121.5737319,37.964146
"DHAB008",2021-09-20,2021,"9","Microcystins",0.1596,"Preece","South Delta",-121.5737319,37.964146
"DHAB008",2021-10-20,2021,"10","Microcystins",0,"Preece","South Delta",-121.5737319,37.964146
"DHAB008",2021-11-02,2021,"11","Microcystins",0,"Preece","South Delta",-121.5737319,37.964146
"DHAB008",2021-11-12,2021,"11","Microcystins",0,"Preece","South Delta",-121.5737319,37.964146
"DHAB008",2021-12-27,2021,"12","Microcystins",0,"Preece","South Delta",-121.5737319,37.964146
"DHAB009",2021-01-05,2021,"1","Microcystins",0,"Preece","South Delta",-121.443849,37.996172
"DHAB009",2021-02-10,2021,"2","Microcystins",0,"Preece","South Delta",-121.443849,37.996172
"DHAB009",2021-03-30,2021,"3","Microcystins",0,"Preece","South Delta",-121.443849,37.996172
"DHAB009",2021-04-22,2021,"4","Microcystins",0,"Preece","South Delta",-121.443849,37.996172
"DHAB009",2021-05-18,2021,"5","Microcystins",0,"Preece","South Delta",-121.443849,37.996172
"DHAB009",2021-06-01,2021,"6","Microcystins",0,"Preece","South Delta",-121.443849,37.996172
"DHAB009",2021-06-16,2021,"6","Microcystins",0,"Preece","South Delta",-121.443849,37.996172
"DHAB009",2021-07-07,2021,"7","Microcystins",0.2766,"Preece","South Delta",-121.443849,37.996172
"DHAB009",2021-07-22,2021,"7","Microcystins",0.41495,"Preece","South Delta",-121.443849,37.996172
"DHAB009",2021-08-11,2021,"8","Microcystins",0,"Preece","South Delta",-121.443849,37.996172
"DHAB009",2021-08-26,2021,"8","Microcystins",0.1588,"Preece","South Delta",-121.443849,37.996172
"DHAB009",2021-09-05,2021,"9","Microcystins",0.1118,"Preece","South Delta",-121.443849,37.996172
"DHAB009",2021-09-05,2021,"9","Microcystins",0.132,"Preece","South Delta",-121.443849,37.996172
"DHAB009",2021-09-20,2021,"9","Microcystins",0.21825,"Preece","South Delta",-121.443849,37.996172
"DHAB009",2021-10-20,2021,"10","Microcystins",0,"Preece","South Delta",-121.443849,37.996172
"DHAB009",2021-10-28,2021,"10","Microcystins",0,"Preece","South Delta",-121.443849,37.996172
"DHAB009",2021-11-12,2021,"11","Microcystins",0,"Preece","South Delta",-121.443849,37.996172
"DHAB009",2021-12-27,2021,"12","Microcystins",0,"Preece","South Delta",-121.443849,37.996172
"DHAB010",2021-01-05,2021,"1","Microcystins",0,"Preece","South Delta",-121.528646,37.957145
"DHAB010",2021-02-10,2021,"2","Microcystins",0,"Preece","South Delta",-121.528646,37.957145
"DHAB010",2021-03-30,2021,"3","Microcystins",0,"Preece","South Delta",-121.528646,37.957145
"DHAB010",2021-04-22,2021,"4","Microcystins",0,"Preece","South Delta",-121.528646,37.957145
"DHAB010",2021-05-18,2021,"5","Microcystins",0,"Preece","South Delta",-121.528646,37.957145
"DHAB010",2021-06-01,2021,"6","Microcystins",0,"Preece","South Delta",-121.528646,37.957145
"DHAB010",2021-06-16,2021,"6","Microcystins",0,"Preece","South Delta",-121.528646,37.957145
"DHAB010",2021-07-07,2021,"7","Microcystins",0.4417,"Preece","South Delta",-121.528646,37.957145
"DHAB010",2021-07-22,2021,"7","Microcystins",0.4603,"Preece","South Delta",-121.528646,37.957145
"DHAB010",2021-08-11,2021,"8","Microcystins",0,"Preece","South Delta",-121.528646,37.957145
"DHAB010",2021-08-26,2021,"8","Microcystins",0.18585,"Preece","South Delta",-121.528646,37.957145
"DHAB010",2021-08-26,2021,"8","Microcystins",0.3342,"Preece","South Delta",-121.528646,37.957145
"DHAB010",2021-09-05,2021,"9","Microcystins",0.11215,"Preece","South Delta",-121.528646,37.957145
"DHAB010",2021-09-20,2021,"9","Microcystins",0.1756,"Preece","South Delta",-121.528646,37.957145
"DHAB010",2021-10-20,2021,"10","Microcystins",0,"Preece","South Delta",-121.528646,37.957145
"DHAB010",2021-10-20,2021,"10","Microcystins",0,"Preece","South Delta",-121.528646,37.957145
"DHAB010",2021-11-02,2021,"11","Microcystins",0,"Preece","South Delta",-121.528646,37.957145
"DHAB010",2021-11-12,2021,"11","Microcystins",0,"Preece","South Delta",-121.528646,37.957145
"DHAB010",2021-12-27,2021,"12","Microcystins",0,"Preece","South Delta",-121.528646,37.957145
"ALG-001",2021-03-25,NA,NA,"Microcystins",0,"Nautalis","South Delta",-121.336183,37.949145
"ALG-001",2021-03-25,NA,NA,"Anatoxins",0,"Nautalis","South Delta",-121.336183,37.949145
"ALG-001",2021-03-25,NA,NA,"Saxitoxins",0,"Nautalis","South Delta",-121.336183,37.949145
"ALG-002",2021-03-25,NA,NA,"Microcystins",0,"Nautalis","South Delta",-121.347483,37.955427
"ALG-002",2021-03-25,NA,NA,"Anatoxins",0,"Nautalis","South Delta",-121.347483,37.955427
"ALG-002",2021-03-25,NA,NA,"Saxitoxins",0,"Nautalis","South Delta",-121.347483,37.955427
"ALG-003",2021-03-25,NA,NA,"Microcystins",0,"Nautalis","South Delta",-121.365012,37.963004
"ALG-003",2021-03-25,NA,NA,"Anatoxins",0,"Nautalis","South Delta",-121.365012,37.963004
"ALG-003",2021-03-25,NA,NA,"Saxitoxins",0,"Nautalis","South Delta",-121.365012,37.963004
"ALG-004",2021-03-25,NA,NA,"Microcystins",0,"Nautalis","South Delta",-121.369207,37.966107
"ALG-004",2021-03-25,NA,NA,"Anatoxins",0,"Nautalis","South Delta",-121.369207,37.966107
"ALG-004",2021-03-25,NA,NA,"Saxitoxins",0,"Nautalis","South Delta",-121.369207,37.966107
"ALG-005",2021-03-25,NA,NA,"Microcystins",0,"Nautalis","South Delta",-121.373993,37.972023
"ALG-005",2021-03-25,NA,NA,"Anatoxins",0,"Nautalis","South Delta",-121.373993,37.972023
"ALG-005",2021-03-25,NA,NA,"Saxitoxins",0,"Nautalis","South Delta",-121.373993,37.972023
"ALG-006",2021-03-25,NA,NA,"Microcystins",0,"Nautalis","South Delta",-121.407047,37.991004
"ALG-006",2021-03-25,NA,NA,"Anatoxins",0,"Nautalis","South Delta",-121.407047,37.991004
"ALG-006",2021-03-25,NA,NA,"Saxitoxins",0,"Nautalis","South Delta",-121.407047,37.991004
"ALG-001",2021-04-14,NA,NA,"Microcystins",0.15,"Nautalis","South Delta",-121.336183,37.949145
"ALG-001",2021-04-14,NA,NA,"Anatoxins",0,"Nautalis","South Delta",-121.336183,37.949145
"ALG-001",2021-04-14,NA,NA,"Saxitoxins",0,"Nautalis","South Delta",-121.336183,37.949145
"ALG-002",2021-04-14,NA,NA,"Microcystins",0.2,"Nautalis","South Delta",-121.347483,37.955427
"ALG-002",2021-04-14,NA,NA,"Anatoxins",0,"Nautalis","South Delta",-121.347483,37.955427
"ALG-002",2021-04-14,NA,NA,"Saxitoxins",0,"Nautalis","South Delta",-121.347483,37.955427
"ALG-003",2021-04-14,NA,NA,"Microcystins",0.15,"Nautalis","South Delta",-121.365012,37.963004
"ALG-003",2021-04-14,NA,NA,"Anatoxins",0,"Nautalis","South Delta",-121.365012,37.963004
"ALG-003",2021-04-14,NA,NA,"Saxitoxins",0,"Nautalis","South Delta",-121.365012,37.963004
"ALG-004",2021-04-14,NA,NA,"Microcystins",0.12,"Nautalis","South Delta",-121.369207,37.966107
"ALG-004",2021-04-14,NA,NA,"Anatoxins",0,"Nautalis","South Delta",-121.369207,37.966107
"ALG-004",2021-04-14,NA,NA,"Saxitoxins",0,"Nautalis","South Delta",-121.369207,37.966107
"ALG-005",2021-04-14,NA,NA,"Microcystins",0.15,"Nautalis","South Delta",-121.373993,37.972023
"ALG-005",2021-04-14,NA,NA,"Anatoxins",0,"Nautalis","South Delta",-121.373993,37.972023
"ALG-005",2021-04-14,NA,NA,"Saxitoxins",0,"Nautalis","South Delta",-121.373993,37.972023
"ALG-006",2021-04-14,NA,NA,"Microcystins",0.15,"Nautalis","South Delta",-121.407047,37.991004
"ALG-006",2021-04-14,NA,NA,"Anatoxins",0,"Nautalis","South Delta",-121.407047,37.991004
"ALG-006",2021-04-14,NA,NA,"Saxitoxins",0,"Nautalis","South Delta",-121.407047,37.991004
"ALG-001",2021-04-29,NA,NA,"Microcystins",0,"Nautalis","South Delta",-121.336183,37.949145
"ALG-001",2021-04-29,NA,NA,"Anatoxins",0,"Nautalis","South Delta",-121.336183,37.949145
"ALG-001",2021-04-29,NA,NA,"Saxitoxins",0,"Nautalis","South Delta",-121.336183,37.949145
"ALG-002",2021-04-29,NA,NA,"Microcystins",0,"Nautalis","South Delta",-121.347483,37.955427
"ALG-002",2021-04-29,NA,NA,"Anatoxins",0,"Nautalis","South Delta",-121.347483,37.955427
"ALG-002",2021-04-29,NA,NA,"Saxitoxins",0,"Nautalis","South Delta",-121.347483,37.955427
"ALG-003",2021-04-29,NA,NA,"Microcystins",0,"Nautalis","South Delta",-121.365012,37.963004
"ALG-003",2021-04-29,NA,NA,"Anatoxins",0,"Nautalis","South Delta",-121.365012,37.963004
"ALG-003",2021-04-29,NA,NA,"Saxitoxins",0,"Nautalis","South Delta",-121.365012,37.963004
"ALG-004",2021-04-29,NA,NA,"Microcystins",0,"Nautalis","South Delta",-121.369207,37.966107
"ALG-004",2021-04-29,NA,NA,"Anatoxins",0,"Nautalis","South Delta",-121.369207,37.966107
"ALG-004",2021-04-29,NA,NA,"Saxitoxins",0,"Nautalis","South Delta",-121.369207,37.966107
"ALG-005",2021-04-29,NA,NA,"Microcystins",0,"Nautalis","South Delta",-121.373993,37.972023
"ALG-005",2021-04-29,NA,NA,"Anatoxins",0,"Nautalis","South Delta",-121.373993,37.972023
"ALG-005",2021-04-29,NA,NA,"Saxitoxins",0,"Nautalis","South Delta",-121.373993,37.972023
"ALG-006",2021-04-29,NA,NA,"Microcystins",0,"Nautalis","South Delta",-121.407047,37.991004
"ALG-006",2021-04-29,NA,NA,"Anatoxins",0,"Nautalis","South Delta",-121.407047,37.991004
"ALG-006",2021-04-29,NA,NA,"Saxitoxins",0,"Nautalis","South Delta",-121.407047,37.991004
"ALG-001",2021-05-13,NA,NA,"Microcystins",0,"Nautalis","South Delta",-121.336183,37.949145
"ALG-001",2021-05-13,NA,NA,"Anatoxins",0,"Nautalis","South Delta",-121.336183,37.949145
"ALG-001",2021-05-13,NA,NA,"Saxitoxins",0,"Nautalis","South Delta",-121.336183,37.949145
"ALG-002",2021-05-13,NA,NA,"Microcystins",0,"Nautalis","South Delta",-121.347483,37.955427
"ALG-002",2021-05-13,NA,NA,"Anatoxins",0,"Nautalis","South Delta",-121.347483,37.955427
"ALG-002",2021-05-13,NA,NA,"Saxitoxins",0,"Nautalis","South Delta",-121.347483,37.955427
"ALG-003",2021-05-13,NA,NA,"Microcystins",0,"Nautalis","South Delta",-121.365012,37.963004
"ALG-003",2021-05-13,NA,NA,"Anatoxins",0,"Nautalis","South Delta",-121.365012,37.963004
"ALG-003",2021-05-13,NA,NA,"Saxitoxins",0,"Nautalis","South Delta",-121.365012,37.963004
"ALG-004",2021-05-13,NA,NA,"Microcystins",0,"Nautalis","South Delta",-121.369207,37.966107
"ALG-004",2021-05-13,NA,NA,"Anatoxins",0,"Nautalis","South Delta",-121.369207,37.966107
"ALG-004",2021-05-13,NA,NA,"Saxitoxins",0,"Nautalis","South Delta",-121.369207,37.966107
"ALG-005",2021-05-13,NA,NA,"Microcystins",0,"Nautalis","South Delta",-121.373993,37.972023
"ALG-005",2021-05-13,NA,NA,"Anatoxins",0,"Nautalis","South Delta",-121.373993,37.972023
"ALG-005",2021-05-13,NA,NA,"Saxitoxins",0,"Nautalis","South Delta",-121.373993,37.972023
"ALG-006",2021-05-13,NA,NA,"Microcystins",0,"Nautalis","South Delta",-121.407047,37.991004
"ALG-006",2021-05-13,NA,NA,"Anatoxins",0,"Nautalis","South Delta",-121.407047,37.991004
"ALG-006",2021-05-13,NA,NA,"Saxitoxins",0,"Nautalis","South Delta",-121.407047,37.991004
"ALG-001",2021-05-27,NA,NA,"Microcystins",0,"Nautalis","South Delta",-121.336183,37.949145
"ALG-001",2021-05-27,NA,NA,"Anatoxins",0,"Nautalis","South Delta",-121.336183,37.949145
"ALG-001",2021-05-27,NA,NA,"Saxitoxins",0,"Nautalis","South Delta",-121.336183,37.949145
"ALG-002",2021-05-27,NA,NA,"Microcystins",0,"Nautalis","South Delta",-121.347483,37.955427
"ALG-002",2021-05-27,NA,NA,"Anatoxins",0,"Nautalis","South Delta",-121.347483,37.955427
"ALG-002",2021-05-27,NA,NA,"Saxitoxins",0,"Nautalis","South Delta",-121.347483,37.955427
"ALG-003",2021-05-27,NA,NA,"Microcystins",0,"Nautalis","South Delta",-121.365012,37.963004
"ALG-003",2021-05-27,NA,NA,"Anatoxins",0,"Nautalis","South Delta",-121.365012,37.963004
"ALG-003",2021-05-27,NA,NA,"Saxitoxins",0,"Nautalis","South Delta",-121.365012,37.963004
"ALG-004",2021-05-27,NA,NA,"Microcystins",0,"Nautalis","South Delta",-121.369207,37.966107
"ALG-004",2021-05-27,NA,NA,"Anatoxins",0,"Nautalis","South Delta",-121.369207,37.966107
"ALG-004",2021-05-27,NA,NA,"Saxitoxins",0,"Nautalis","South Delta",-121.369207,37.966107
"ALG-005",2021-05-27,NA,NA,"Microcystins",0,"Nautalis","South Delta",-121.373993,37.972023
"ALG-005",2021-05-27,NA,NA,"Anatoxins",0,"Nautalis","South Delta",-121.373993,37.972023
"ALG-005",2021-05-27,NA,NA,"Saxitoxins",0,"Nautalis","South Delta",-121.373993,37.972023
"ALG-006",2021-05-27,NA,NA,"Microcystins",0,"Nautalis","South Delta",-121.407047,37.991004
"ALG-006",2021-05-27,NA,NA,"Anatoxins",0,"Nautalis","South Delta",-121.407047,37.991004
"ALG-006",2021-05-27,NA,NA,"Saxitoxins",0,"Nautalis","South Delta",-121.407047,37.991004
"ALG-001",2021-06-09,NA,NA,"Microcystins",0,"Nautalis","South Delta",-121.336183,37.949145
"ALG-001",2021-06-09,NA,NA,"Anatoxins",0,"Nautalis","South Delta",-121.336183,37.949145
"ALG-001",2021-06-09,NA,NA,"Saxitoxins",0,"Nautalis","South Delta",-121.336183,37.949145
"ALG-002",2021-06-09,NA,NA,"Microcystins",0,"Nautalis","South Delta",-121.347483,37.955427
"ALG-002",2021-06-09,NA,NA,"Anatoxins",0,"Nautalis","South Delta",-121.347483,37.955427
"ALG-002",2021-06-09,NA,NA,"Saxitoxins",0,"Nautalis","South Delta",-121.347483,37.955427
"ALG-003",2021-06-09,NA,NA,"Microcystins",0,"Nautalis","South Delta",-121.365012,37.963004
"ALG-003",2021-06-09,NA,NA,"Anatoxins",0,"Nautalis","South Delta",-121.365012,37.963004
"ALG-003",2021-06-09,NA,NA,"Saxitoxins",0,"Nautalis","South Delta",-121.365012,37.963004
"ALG-004",2021-06-09,NA,NA,"Microcystins",0.92,"Nautalis","South Delta",-121.369207,37.966107
"ALG-004",2021-06-09,NA,NA,"Anatoxins",0,"Nautalis","South Delta",-121.369207,37.966107
"ALG-004",2021-06-09,NA,NA,"Saxitoxins",0,"Nautalis","South Delta",-121.369207,37.966107
"ALG-005",2021-06-09,NA,NA,"Microcystins",0,"Nautalis","South Delta",-121.373993,37.972023
"ALG-005",2021-06-09,NA,NA,"Anatoxins",0,"Nautalis","South Delta",-121.373993,37.972023
"ALG-005",2021-06-09,NA,NA,"Saxitoxins",0,"Nautalis","South Delta",-121.373993,37.972023
"ALG-006",2021-06-09,NA,NA,"Microcystins",0,"Nautalis","South Delta",-121.407047,37.991004
"ALG-006",2021-06-09,NA,NA,"Anatoxins",0,"Nautalis","South Delta",-121.407047,37.991004
"ALG-006",2021-06-09,NA,NA,"Saxitoxins",0,"Nautalis","South Delta",-121.407047,37.991004
"ALG-001",2021-06-22,NA,NA,"Microcystins",0,"Nautalis","South Delta",-121.336183,37.949145
"ALG-001",2021-06-22,NA,NA,"Anatoxins",0,"Nautalis","South Delta",-121.336183,37.949145
"ALG-001",2021-06-22,NA,NA,"Saxitoxins",0,"Nautalis","South Delta",-121.336183,37.949145
"ALG-002",2021-06-22,NA,NA,"Microcystins",0,"Nautalis","South Delta",-121.347483,37.955427
"ALG-002",2021-06-22,NA,NA,"Anatoxins",0,"Nautalis","South Delta",-121.347483,37.955427
"ALG-002",2021-06-22,NA,NA,"Saxitoxins",0,"Nautalis","South Delta",-121.347483,37.955427
"ALG-003",2021-06-22,NA,NA,"Microcystins",0,"Nautalis","South Delta",-121.365012,37.963004
"ALG-003",2021-06-22,NA,NA,"Anatoxins",0,"Nautalis","South Delta",-121.365012,37.963004
"ALG-003",2021-06-22,NA,NA,"Saxitoxins",0,"Nautalis","South Delta",-121.365012,37.963004
"ALG-004",2021-06-22,NA,NA,"Microcystins",0.15,"Nautalis","South Delta",-121.369207,37.966107
"ALG-004",2021-06-22,NA,NA,"Anatoxins",0,"Nautalis","South Delta",-121.369207,37.966107
"ALG-004",2021-06-22,NA,NA,"Saxitoxins",0,"Nautalis","South Delta",-121.369207,37.966107
"ALG-005",2021-06-22,NA,NA,"Microcystins",0,"Nautalis","South Delta",-121.373993,37.972023
"ALG-005",2021-06-22,NA,NA,"Anatoxins",0,"Nautalis","South Delta",-121.373993,37.972023
"ALG-005",2021-06-22,NA,NA,"Saxitoxins",0,"Nautalis","South Delta",-121.373993,37.972023
"ALG-006",2021-06-22,NA,NA,"Microcystins",0,"Nautalis","South Delta",-121.407047,37.991004
"ALG-006",2021-06-22,NA,NA,"Anatoxins",0,"Nautalis","South Delta",-121.407047,37.991004
"ALG-006",2021-06-22,NA,NA,"Saxitoxins",0,"Nautalis","South Delta",-121.407047,37.991004
"ALG-001",2021-07-06,NA,NA,"Microcystins",0.28,"Nautalis","South Delta",-121.336183,37.949145
"ALG-001",2021-07-06,NA,NA,"Anatoxins",0,"Nautalis","South Delta",-121.336183,37.949145
"ALG-001",2021-07-06,NA,NA,"Saxitoxins",0,"Nautalis","South Delta",-121.336183,37.949145
"ALG-002",2021-07-06,NA,NA,"Microcystins",0,"Nautalis","South Delta",-121.347483,37.955427
"ALG-002",2021-07-06,NA,NA,"Anatoxins",0,"Nautalis","South Delta",-121.347483,37.955427
"ALG-002",2021-07-06,NA,NA,"Saxitoxins",0,"Nautalis","South Delta",-121.347483,37.955427
"ALG-003",2021-07-06,NA,NA,"Microcystins",0,"Nautalis","South Delta",-121.365012,37.963004
"ALG-003",2021-07-06,NA,NA,"Anatoxins",0,"Nautalis","South Delta",-121.365012,37.963004
"ALG-003",2021-07-06,NA,NA,"Saxitoxins",0,"Nautalis","South Delta",-121.365012,37.963004
"ALG-004",2021-07-06,NA,NA,"Microcystins",0,"Nautalis","South Delta",-121.369207,37.966107
"ALG-004",2021-07-06,NA,NA,"Anatoxins",0,"Nautalis","South Delta",-121.369207,37.966107
"ALG-004",2021-07-06,NA,NA,"Saxitoxins",0,"Nautalis","South Delta",-121.369207,37.966107
"ALG-005",2021-07-06,NA,NA,"Microcystins",0.14,"Nautalis","South Delta",-121.373993,37.972023
"ALG-005",2021-07-06,NA,NA,"Anatoxins",0,"Nautalis","South Delta",-121.373993,37.972023
"ALG-005",2021-07-06,NA,NA,"Saxitoxins",0,"Nautalis","South Delta",-121.373993,37.972023
"ALG-006",2021-07-06,NA,NA,"Microcystins",0.23,"Nautalis","South Delta",-121.407047,37.991004
"ALG-006",2021-07-06,NA,NA,"Anatoxins",0,"Nautalis","South Delta",-121.407047,37.991004
"ALG-006",2021-07-06,NA,NA,"Saxitoxins",0,"Nautalis","South Delta",-121.407047,37.991004
"ALG-001",2021-07-20,NA,NA,"Microcystins",0,"Nautalis","South Delta",-121.336183,37.949145
"ALG-001",2021-07-20,NA,NA,"Anatoxins",0,"Nautalis","South Delta",-121.336183,37.949145
"ALG-001",2021-07-20,NA,NA,"Saxitoxins",0,"Nautalis","South Delta",-121.336183,37.949145
"ALG-002",2021-07-20,NA,NA,"Microcystins",0,"Nautalis","South Delta",-121.347483,37.955427
"ALG-002",2021-07-20,NA,NA,"Anatoxins",0,"Nautalis","South Delta",-121.347483,37.955427
"ALG-002",2021-07-20,NA,NA,"Saxitoxins",0,"Nautalis","South Delta",-121.347483,37.955427
"ALG-003",2021-07-20,NA,NA,"Microcystins",0,"Nautalis","South Delta",-121.365012,37.963004
"ALG-003",2021-07-20,NA,NA,"Anatoxins",0,"Nautalis","South Delta",-121.365012,37.963004
"ALG-003",2021-07-20,NA,NA,"Saxitoxins",0,"Nautalis","South Delta",-121.365012,37.963004
"ALG-004",2021-07-20,NA,NA,"Microcystins",0,"Nautalis","South Delta",-121.369207,37.966107
"ALG-004",2021-07-20,NA,NA,"Anatoxins",0,"Nautalis","South Delta",-121.369207,37.966107
"ALG-004",2021-07-20,NA,NA,"Saxitoxins",0,"Nautalis","South Delta",-121.369207,37.966107
"ALG-005",2021-07-20,NA,NA,"Microcystins",0,"Nautalis","South Delta",-121.373993,37.972023
"ALG-005",2021-07-20,NA,NA,"Anatoxins",0,"Nautalis","South Delta",-121.373993,37.972023
"ALG-005",2021-07-20,NA,NA,"Saxitoxins",0,"Nautalis","South Delta",-121.373993,37.972023
"ALG-006",2021-07-20,NA,NA,"Microcystins",0.14,"Nautalis","South Delta",-121.407047,37.991004
"ALG-006",2021-07-20,NA,NA,"Anatoxins",0,"Nautalis","South Delta",-121.407047,37.991004
"ALG-006",2021-07-20,NA,NA,"Saxitoxins",0,"Nautalis","South Delta",-121.407047,37.991004
"ALG-001",2021-08-03,NA,NA,"Microcystins",0.17,"Nautalis","South Delta",-121.336183,37.949145
"ALG-001",2021-08-03,NA,NA,"Anatoxins",0,"Nautalis","South Delta",-121.336183,37.949145
"ALG-001",2021-08-03,NA,NA,"Saxitoxins",0,"Nautalis","South Delta",-121.336183,37.949145
"ALG-002",2021-08-03,NA,NA,"Microcystins",0.23,"Nautalis","South Delta",-121.347483,37.955427
"ALG-002",2021-08-03,NA,NA,"Anatoxins",0,"Nautalis","South Delta",-121.347483,37.955427
"ALG-002",2021-08-03,NA,NA,"Saxitoxins",0,"Nautalis","South Delta",-121.347483,37.955427
"ALG-003",2021-08-03,NA,NA,"Microcystins",0.16,"Nautalis","South Delta",-121.365012,37.963004
"ALG-003",2021-08-03,NA,NA,"Anatoxins",0,"Nautalis","South Delta",-121.365012,37.963004
"ALG-003",2021-08-03,NA,NA,"Saxitoxins",0,"Nautalis","South Delta",-121.365012,37.963004
"ALG-004",2021-08-03,NA,NA,"Microcystins",0.19,"Nautalis","South Delta",-121.369207,37.966107
"ALG-004",2021-08-03,NA,NA,"Anatoxins",0,"Nautalis","South Delta",-121.369207,37.966107
"ALG-004",2021-08-03,NA,NA,"Saxitoxins",0,"Nautalis","South Delta",-121.369207,37.966107
"ALG-005",2021-08-03,NA,NA,"Microcystins",2.38,"Nautalis","South Delta",-121.373993,37.972023
"ALG-005",2021-08-03,NA,NA,"Anatoxins",0,"Nautalis","South Delta",-121.373993,37.972023
"ALG-005",2021-08-03,NA,NA,"Saxitoxins",0,"Nautalis","South Delta",-121.373993,37.972023
"ALG-006",2021-08-03,NA,NA,"Microcystins",0.3,"Nautalis","South Delta",-121.407047,37.991004
"ALG-006",2021-08-03,NA,NA,"Anatoxins",0,"Nautalis","South Delta",-121.407047,37.991004
"ALG-006",2021-08-03,NA,NA,"Saxitoxins",0,"Nautalis","South Delta",-121.407047,37.991004
"ALG-001",2021-08-17,NA,NA,"Microcystins",0.27,"Nautalis","South Delta",-121.336183,37.949145
"ALG-001",2021-08-17,NA,NA,"Anatoxins",0,"Nautalis","South Delta",-121.336183,37.949145
"ALG-001",2021-08-17,NA,NA,"Saxitoxins",0,"Nautalis","South Delta",-121.336183,37.949145
"ALG-002",2021-08-17,NA,NA,"Microcystins",0.19,"Nautalis","South Delta",-121.347483,37.955427
"ALG-002",2021-08-17,NA,NA,"Anatoxins",0,"Nautalis","South Delta",-121.347483,37.955427
"ALG-002",2021-08-17,NA,NA,"Saxitoxins",0,"Nautalis","South Delta",-121.347483,37.955427
"ALG-003",2021-08-17,NA,NA,"Microcystins",0.17,"Nautalis","South Delta",-121.365012,37.963004
"ALG-003",2021-08-17,NA,NA,"Anatoxins",0,"Nautalis","South Delta",-121.365012,37.963004
"ALG-003",2021-08-17,NA,NA,"Saxitoxins",0,"Nautalis","South Delta",-121.365012,37.963004
"ALG-004",2021-08-17,NA,NA,"Microcystins",0.14,"Nautalis","South Delta",-121.369207,37.966107
"ALG-004",2021-08-17,NA,NA,"Anatoxins",0,"Nautalis","South Delta",-121.369207,37.966107
"ALG-004",2021-08-17,NA,NA,"Saxitoxins",0,"Nautalis","South Delta",-121.369207,37.966107
"ALG-005",2021-08-17,NA,NA,"Microcystins",0,"Nautalis","South Delta",-121.373993,37.972023
"ALG-005",2021-08-17,NA,NA,"Anatoxins",0,"Nautalis","South Delta",-121.373993,37.972023
"ALG-005",2021-08-17,NA,NA,"Saxitoxins",0,"Nautalis","South Delta",-121.373993,37.972023
"ALG-006",2021-08-17,NA,NA,"Microcystins",0.16,"Nautalis","South Delta",-121.407047,37.991004
"ALG-006",2021-08-17,NA,NA,"Anatoxins",0,"Nautalis","South Delta",-121.407047,37.991004
"ALG-006",2021-08-17,NA,NA,"Saxitoxins",0,"Nautalis","South Delta",-121.407047,37.991004
"ALG-001",2021-09-07,NA,NA,"Microcystins",0,"Nautalis","South Delta",-121.336183,37.949145
"ALG-001",2021-09-07,NA,NA,"Anatoxins",0,"Nautalis","South Delta",-121.336183,37.949145
"ALG-001",2021-09-07,NA,NA,"Saxitoxins",0,"Nautalis","South Delta",-121.336183,37.949145
"ALG-002",2021-09-07,NA,NA,"Microcystins",1.06,"Nautalis","South Delta",-121.347483,37.955427
"ALG-002",2021-09-07,NA,NA,"Anatoxins",0,"Nautalis","South Delta",-121.347483,37.955427
"ALG-002",2021-09-07,NA,NA,"Saxitoxins",0,"Nautalis","South Delta",-121.347483,37.955427
"ALG-003",2021-09-07,NA,NA,"Microcystins",0.24,"Nautalis","South Delta",-121.365012,37.963004
"ALG-003",2021-09-07,NA,NA,"Anatoxins",0,"Nautalis","South Delta",-121.365012,37.963004
"ALG-003",2021-09-07,NA,NA,"Saxitoxins",0,"Nautalis","South Delta",-121.365012,37.963004
"ALG-004",2021-09-07,NA,NA,"Microcystins",0,"Nautalis","South Delta",-121.369207,37.966107
"ALG-004",2021-09-07,NA,NA,"Anatoxins",0,"Nautalis","South Delta",-121.369207,37.966107
"ALG-004",2021-09-07,NA,NA,"Saxitoxins",0,"Nautalis","South Delta",-121.369207,37.966107
"ALG-005",2021-09-07,NA,NA,"Microcystins",0,"Nautalis","South Delta",-121.373993,37.972023
"ALG-005",2021-09-07,NA,NA,"Anatoxins",0,"Nautalis","South Delta",-121.373993,37.972023
"ALG-005",2021-09-07,NA,NA,"Saxitoxins",0,"Nautalis","South Delta",-121.373993,37.972023
"ALG-006",2021-09-07,NA,NA,"Microcystins",0,"Nautalis","South Delta",-121.407047,37.991004
"ALG-006",2021-09-07,NA,NA,"Anatoxins",0,"Nautalis","South Delta",-121.407047,37.991004
"ALG-006",2021-09-07,NA,NA,"Saxitoxins",0,"Nautalis","South Delta",-121.407047,37.991004
"ALG-001",2021-09-21,NA,NA,"Microcystins",0.2,"Nautalis","South Delta",-121.336183,37.949145
"ALG-001",2021-09-21,NA,NA,"Anatoxins",0,"Nautalis","South Delta",-121.336183,37.949145
"ALG-001",2021-09-21,NA,NA,"Saxitoxins",0,"Nautalis","South Delta",-121.336183,37.949145
"ALG-002",2021-09-21,NA,NA,"Microcystins",0.26,"Nautalis","South Delta",-121.347483,37.955427
"ALG-002",2021-09-21,NA,NA,"Anatoxins",0,"Nautalis","South Delta",-121.347483,37.955427
"ALG-002",2021-09-21,NA,NA,"Saxitoxins",0,"Nautalis","South Delta",-121.347483,37.955427
"ALG-003",2021-09-21,NA,NA,"Microcystins",0.27,"Nautalis","South Delta",-121.365012,37.963004
"ALG-003",2021-09-21,NA,NA,"Anatoxins",0,"Nautalis","South Delta",-121.365012,37.963004
"ALG-003",2021-09-21,NA,NA,"Saxitoxins",0,"Nautalis","South Delta",-121.365012,37.963004
"ALG-004",2021-09-21,NA,NA,"Microcystins",0.17,"Nautalis","South Delta",-121.369207,37.966107
"ALG-004",2021-09-21,NA,NA,"Anatoxins",0,"Nautalis","South Delta",-121.369207,37.966107
"ALG-004",2021-09-21,NA,NA,"Saxitoxins",0,"Nautalis","South Delta",-121.369207,37.966107
"ALG-005",2021-09-21,NA,NA,"Microcystins",0.2,"Nautalis","South Delta",-121.373993,37.972023
"ALG-005",2021-09-21,NA,NA,"Anatoxins",0,"Nautalis","South Delta",-121.373993,37.972023
"ALG-005",2021-09-21,NA,NA,"Saxitoxins",0,"Nautalis","South Delta",-121.373993,37.972023
"ALG-006",2021-09-21,NA,NA,"Microcystins",0.23,"Nautalis","South Delta",-121.407047,37.991004
"ALG-006",2021-09-21,NA,NA,"Anatoxins",0,"Nautalis","South Delta",-121.407047,37.991004
"ALG-006",2021-09-21,NA,NA,"Saxitoxins",0,"Nautalis","South Delta",-121.407047,37.991004
"BigBreak",2015-10-15,NA,NA,"Microcystins",23,"EastBay","San Joaquin",-121.728242,38.012454
"BigBreak",2015-10-29,NA,NA,"Microcystins",6.8,"EastBay","San Joaquin",-121.728242,38.012454
"BigBreak",2017-08-18,NA,NA,"Microcystins",0,"EastBay","San Joaquin",-121.728242,38.012454
"BigBreak",2019-08-20,NA,NA,"Microcystins",70.81,"EastBay","San Joaquin",-121.728242,38.012454
"BigBreak",2019-10-22,NA,NA,"Microcystins",0.11,"EastBay","San Joaquin",-121.728242,38.012454
"BigBreak",2020-06-10,NA,NA,"Microcystins",8,"EastBay","San Joaquin",-121.728242,38.012454
"BigBreak",2020-06-23,NA,NA,"Microcystins",50,"EastBay","San Joaquin",-121.728242,38.012454
"BigBreak",2020-07-07,NA,NA,"Microcystins",0,"EastBay","San Joaquin",-121.728242,38.012454
"BigBreak",2020-07-22,NA,NA,"Microcystins",1.01,"EastBay","San Joaquin",-121.728242,38.012454
"BigBreak",2020-08-05,NA,NA,"Microcystins",50,"EastBay","San Joaquin",-121.728242,38.012454
"BigBreak",2020-08-12,NA,NA,"Microcystins",50,"EastBay","San Joaquin",-121.728242,38.012454
"BigBreak",2020-08-18,NA,NA,"Microcystins",50,"EastBay","San Joaquin",-121.728242,38.012454
"BigBreak",2020-08-24,NA,NA,"Microcystins",6.49,"EastBay","San Joaquin",-121.728242,38.012454
"BigBreak",2020-09-01,NA,NA,"Microcystins",20.86,"EastBay","San Joaquin",-121.728242,38.012454
"BigBreak",2020-09-21,NA,NA,"Microcystins",50,"EastBay","San Joaquin",-121.728242,38.012454
"BigBreak",2020-09-30,NA,NA,"Microcystins",5.63,"EastBay","San Joaquin",-121.728242,38.012454
"BigBreak",2020-10-05,NA,NA,"Microcystins",50,"EastBay","San Joaquin",-121.728242,38.012454
"BigBreak",2020-11-30,NA,NA,"Microcystins",1.23,"EastBay","San Joaquin",-121.728242,38.012454
"BigBreak",2020-12-07,NA,NA,"Microcystins",0.74,"EastBay","San Joaquin",-121.728242,38.012454
"BigBreak",2020-12-30,NA,NA,"Microcystins",2.29,"EastBay","San Joaquin",-121.728242,38.012454
"BigBreak",2021-01-06,NA,NA,"Microcystins",0,"EastBay","San Joaquin",-121.728242,38.012454
"BigBreak",2021-01-13,NA,NA,"Microcystins",0.32,"EastBay","San Joaquin",-121.728242,38.012454
"BigBreak",2021-01-21,NA,NA,"Microcystins",0,"EastBay","San Joaquin",-121.728242,38.012454
"BigBreak",2021-02-03,NA,NA,"Microcystins",0.07,"EastBay","San Joaquin",-121.728242,38.012454
"BigBreak",2021-02-08,NA,NA,"Microcystins",0,"EastBay","San Joaquin",-121.728242,38.012454
"BigBreak",2021-02-16,NA,NA,"Microcystins",0.09,"EastBay","San Joaquin",-121.728242,38.012454
"BigBreak",2021-02-24,NA,NA,"Microcystins",0,"EastBay","San Joaquin",-121.728242,38.012454
"BigBreak",2021-04-07,NA,NA,"Microcystins",0.29,"EastBay","San Joaquin",-121.728242,38.012454
"BigBreak",2021-04-27,NA,NA,"Microcystins",0,"EastBay","San Joaquin",-121.728242,38.012454
"BigBreak",2021-05-05,NA,NA,"Microcystins",0,"EastBay","San Joaquin",-121.728242,38.012454
"BigBreak",2021-05-12,NA,NA,"Microcystins",0,"EastBay","San Joaquin",-121.728242,38.012454
"BigBreak",2021-05-19,NA,NA,"Microcystins",0.04,"EastBay","San Joaquin",-121.728242,38.012454
"BigBreak",2021-05-25,NA,NA,"Microcystins",0.04,"EastBay","San Joaquin",-121.728242,38.012454
"BigBreak",2021-06-07,NA,NA,"Microcystins",50,"EastBay","San Joaquin",-121.728242,38.012454
"BigBreak",2021-06-14,NA,NA,"Microcystins",7.25,"EastBay","San Joaquin",-121.728242,38.012454
"BigBreak",2021-06-21,NA,NA,"Microcystins",1.38,"EastBay","San Joaquin",-121.728242,38.012454
"BigBreak",2021-06-29,NA,NA,"Microcystins",50,"EastBay","San Joaquin",-121.728242,38.012454
"BigBreak",2021-07-20,NA,NA,"Microcystins",0.09,"EastBay","San Joaquin",-121.728242,38.012454
"BigBreak",2021-08-03,NA,NA,"Microcystins",0.27,"EastBay","San Joaquin",-121.728242,38.012454
"BigBreak",2021-08-10,NA,NA,"Microcystins",2.84,"EastBay","San Joaquin",-121.728242,38.012454
"BigBreak",2021-08-18,NA,NA,"Microcystins",0.07,"EastBay","San Joaquin",-121.728242,38.012454
"BigBreak",2021-08-24,NA,NA,"Microcystins",0,"EastBay","San Joaquin",-121.728242,38.012454
"BigBreak",2021-08-31,NA,NA,"Microcystins",0,"EastBay","San Joaquin",-121.728242,38.012454
"BigBreak",2021-09-08,NA,NA,"Microcystins",4.84,"EastBay","San Joaquin",-121.728242,38.012454
"BigBreak",2021-09-14,NA,NA,"Microcystins",0.02,"EastBay","San Joaquin",-121.728242,38.012454
"BigBreak",2021-09-21,NA,NA,"Microcystins",0,"EastBay","San Joaquin",-121.728242,38.012454
"BigBreak",2021-09-28,NA,NA,"Microcystins",2.79,"EastBay","San Joaquin",-121.728242,38.012454
"BigBreak",2021-10-05,NA,NA,"Microcystins",1.12,"EastBay","San Joaquin",-121.728242,38.012454
"BigBreak",2021-10-11,NA,NA,"Microcystins",0.02,"EastBay","San Joaquin",-121.728242,38.012454
"BigBreak",2021-10-19,NA,NA,"Microcystins",0.37,"EastBay","San Joaquin",-121.728242,38.012454
"BigBreak",2021-10-26,NA,NA,"Microcystins",0,"EastBay","San Joaquin",-121.728242,38.012454
"BigBreak",2021-11-04,NA,NA,"Microcystins",0,"EastBay","San Joaquin",-121.728242,38.012454
